Follow,New.ID,nSeg,S1,S2,S3,S4,S5,S6,S7,S8,S9,S10,S11,S12,S13,S14,S15,S16,S17,Site,Focal,Date,Fruit,Sex,Season,ppt,evi,hfi,distVil,distWat
Elephant1_2,121,2,1,NA,NA,NA,NA,NA,NA,NA,NA,NA,NA,NA,NA,NA,NA,NA,NA,Ivindo,Elephant1,6/20/2017,0,Female,Dry,4,0.368962843,20,1.97,0
Elephant1_2,122,2,1,NA,NA,NA,NA,NA,NA,NA,NA,NA,NA,NA,NA,NA,NA,NA,NA,Ivindo,Elephant1,6/20/2017,0,Female,Dry,4,0.368962843,20,1.97,0
Elephant1_2,Elephant1,2,1,NA,NA,NA,NA,NA,NA,NA,NA,NA,NA,NA,NA,NA,NA,NA,NA,Ivindo,Elephant1,6/20/2017,0,Female,Dry,4,0.368962843,20,1.97,0
Elephant1_3,Elephant1,2,1,NA,NA,NA,NA,NA,NA,NA,NA,NA,NA,NA,NA,NA,NA,NA,NA,Ivindo,Elephant1,7/25/2017,0,Female,Dry,0,0.198831988,15,3.15,0.24
Elephant1_3,73,2,1,NA,NA,NA,NA,NA,NA,NA,NA,NA,NA,NA,NA,NA,NA,NA,NA,Ivindo,Elephant1,7/25/2017,0,Female,Dry,0,0.198831988,15,3.15,0.24
Elephant1_3,76,2,NA,1,NA,NA,NA,NA,NA,NA,NA,NA,NA,NA,NA,NA,NA,NA,NA,Ivindo,Elephant1,7/25/2017,0,Female,Dry,0,0.198831988,15,3.15,0.24
Elephant1_3,77,2,NA,1,NA,NA,NA,NA,NA,NA,NA,NA,NA,NA,NA,NA,NA,NA,NA,Ivindo,Elephant1,7/25/2017,0,Female,Dry,0,0.198831988,15,3.15,0.24
Elephant1_3,78,2,NA,1,NA,NA,NA,NA,NA,NA,NA,NA,NA,NA,NA,NA,NA,NA,NA,Ivindo,Elephant1,7/25/2017,0,Female,Dry,0,0.198831988,15,3.15,0.24
Elephant1_3,82,2,NA,1,NA,NA,NA,NA,NA,NA,NA,NA,NA,NA,NA,NA,NA,NA,NA,Ivindo,Elephant1,7/25/2017,0,Female,Dry,0,0.198831988,15,3.15,0.24
Elephant1_4,477,2,1,NA,NA,NA,NA,NA,NA,NA,NA,NA,NA,NA,NA,NA,NA,NA,NA,Ivindo,Elephant1,10/3/2017,0.7,Female,Rainy,9,0.185308049,17.5,2.93,0.26
Elephant1_4,478,2,1,NA,NA,NA,NA,NA,NA,NA,NA,NA,NA,NA,NA,NA,NA,NA,NA,Ivindo,Elephant1,10/3/2017,0.7,Female,Rainy,9,0.185308049,17.5,2.93,0.26
Elephant1_4,587,2,1,NA,NA,NA,NA,NA,NA,NA,NA,NA,NA,NA,NA,NA,NA,NA,NA,Ivindo,Elephant1,10/3/2017,0.7,Female,Rainy,9,0.185308049,17.5,2.93,0.26
Elephant1_4,482,2,1,NA,NA,NA,NA,NA,NA,NA,NA,NA,NA,NA,NA,NA,NA,NA,NA,Ivindo,Elephant1,10/3/2017,0.7,Female,Rainy,9,0.185308049,17.5,2.93,0.26
Elephant1_4,448,2,NA,1,NA,NA,NA,NA,NA,NA,NA,NA,NA,NA,NA,NA,NA,NA,NA,Ivindo,Elephant1,10/3/2017,0.7,Female,Rainy,9,0.185308049,17.5,2.93,0.26
Elephant1_4,452,2,NA,1,NA,NA,NA,NA,NA,NA,NA,NA,NA,NA,NA,NA,NA,NA,NA,Ivindo,Elephant1,10/3/2017,0.7,Female,Rainy,9,0.185308049,17.5,2.93,0.26
Elephant1_4,480,2,NA,1,NA,NA,NA,NA,NA,NA,NA,NA,NA,NA,NA,NA,NA,NA,NA,Ivindo,Elephant1,10/3/2017,0.7,Female,Rainy,9,0.185308049,17.5,2.93,0.26
Elephant1_5,358,4,1,NA,NA,NA,NA,NA,NA,NA,NA,NA,NA,NA,NA,NA,NA,NA,NA,Ivindo,Elephant1,11/24/2017,0.004,Female,Rainy,4,0.218507788,15,2.31,1.04
Elephant1_5,359,4,1,NA,NA,NA,NA,NA,NA,NA,NA,NA,NA,NA,NA,NA,NA,NA,NA,Ivindo,Elephant1,11/24/2017,0.004,Female,Rainy,4,0.218507788,15,2.31,1.04
Elephant1_5,Elephant1,4,1,NA,NA,NA,NA,NA,NA,NA,NA,NA,NA,NA,NA,NA,NA,NA,NA,Ivindo,Elephant1,11/24/2017,0.004,Female,Rainy,4,0.218507788,15,2.31,1.04
Elephant1_5,2079,4,1,NA,NA,NA,NA,NA,NA,NA,NA,NA,NA,NA,NA,NA,NA,NA,NA,Ivindo,Elephant1,11/24/2017,0.004,Female,Rainy,4,0.218507788,15,2.31,1.04
Elephant1_5,362,4,NA,1,NA,NA,NA,NA,NA,NA,NA,NA,NA,NA,NA,NA,NA,NA,NA,Ivindo,Elephant1,11/24/2017,0.004,Female,Rainy,4,0.218507788,15,2.31,1.04
Elephant1_5,363,4,NA,1,NA,NA,NA,NA,NA,NA,NA,NA,NA,NA,NA,NA,NA,NA,NA,Ivindo,Elephant1,11/24/2017,0.004,Female,Rainy,4,0.218507788,15,2.31,1.04
Elephant1_5,484,4,NA,1,NA,NA,NA,NA,NA,NA,NA,NA,NA,NA,NA,NA,NA,NA,NA,Ivindo,Elephant1,11/24/2017,0.004,Female,Rainy,4,0.218507788,15,2.31,1.04
Elephant1_6,Elephant1,2,1,NA,NA,NA,NA,NA,NA,NA,NA,NA,NA,NA,NA,NA,NA,NA,NA,Ivindo,Elephant1,12/29/2017,0.4,Female,Dry,1,0.181519272,15,3.31,3.46
Elephant1_6,375,2,1,NA,NA,NA,NA,NA,NA,NA,NA,NA,NA,NA,NA,NA,NA,NA,NA,Ivindo,Elephant1,12/29/2017,0.4,Female,Dry,1,0.181519272,15,3.31,3.46
Elephant1_6,374,2,NA,1,NA,NA,NA,NA,NA,NA,NA,NA,NA,NA,NA,NA,NA,NA,NA,Ivindo,Elephant1,12/29/2017,0.4,Female,Dry,1,0.181519272,15,3.31,3.46
Elephant1_8,Elephant1,6,NA,1,NA,NA,NA,NA,NA,NA,NA,NA,NA,NA,NA,NA,NA,NA,NA,Ivindo,Elephant1,2/27/2018,0.51,Female,Rainy,6,0.310977674,16.25,2.94,0.22
Elephant1_8,2079,6,NA,1,NA,NA,NA,NA,NA,NA,NA,NA,NA,NA,NA,NA,NA,NA,NA,Ivindo,Elephant1,2/27/2018,0.51,Female,Rainy,6,0.310977674,16.25,2.94,0.22
Elephant1_8,660,6,NA,NA,NA,NA,NA,1,NA,NA,NA,NA,NA,NA,NA,NA,NA,NA,NA,Ivindo,Elephant1,2/27/2018,0.51,Female,Rainy,6,0.310977674,16.25,2.94,0.22
Elephant2_1,590,5,1,NA,NA,NA,NA,NA,NA,NA,NA,NA,NA,NA,NA,NA,NA,NA,NA,Wonga Wongue,Elephant2,12/22/2017,0.025,Male,Rainy,0,0.443990605,20,5.61,2.54
Elephant2_1,Elephant2,5,NA,1,NA,NA,1,NA,NA,NA,NA,NA,NA,NA,NA,NA,NA,NA,NA,Wonga Wongue,Elephant2,12/22/2017,0.025,Male,Rainy,0,0.443990605,20,5.61,2.54
Elephant3_1,2044,10,NA,NA,NA,1,1,NA,NA,NA,NA,1,NA,NA,NA,NA,NA,NA,NA,Wonga Wongue,Elephant3,4/8/2017,0.010909091,Male,Rainy,8,0.443168512,7,23.42,0.61
Elephant3_1,193,10,NA,NA,NA,NA,1,NA,NA,NA,NA,NA,NA,NA,NA,NA,NA,NA,NA,Wonga Wongue,Elephant3,4/8/2017,0.010909091,Male,Rainy,8,0.443168512,7,23.42,0.61
Elephant3_2,96,9,1,NA,NA,NA,NA,NA,NA,NA,NA,NA,NA,NA,NA,NA,NA,NA,NA,Wonga Wongue,Elephant3,5/12/2017,0,Male,Dry,3,0.443531212,7,25.91,0.69
Elephant3_2,97,9,NA,NA,1,NA,NA,NA,NA,NA,NA,NA,NA,NA,NA,NA,NA,NA,NA,Wonga Wongue,Elephant3,5/12/2017,0,Male,Dry,3,0.443531212,7,25.91,0.69
Elephant3_2,98,9,NA,NA,NA,NA,1,NA,NA,NA,NA,NA,NA,NA,NA,NA,NA,NA,NA,Wonga Wongue,Elephant3,5/12/2017,0,Male,Dry,3,0.443531212,7,25.91,0.69
Elephant3_2,99,9,NA,NA,NA,NA,NA,NA,NA,NA,1,NA,NA,NA,NA,NA,NA,NA,NA,Wonga Wongue,Elephant3,5/12/2017,0,Male,Dry,3,0.443531212,7,25.91,0.69
Elephant3_2,102,9,NA,NA,NA,NA,NA,NA,NA,NA,1,NA,NA,NA,NA,NA,NA,NA,NA,Wonga Wongue,Elephant3,5/12/2017,0,Male,Dry,3,0.443531212,7,25.91,0.69
Elephant3_2,103,9,NA,NA,NA,NA,NA,NA,NA,NA,1,NA,NA,NA,NA,NA,NA,NA,NA,Wonga Wongue,Elephant3,5/12/2017,0,Male,Dry,3,0.443531212,7,25.91,0.69
Elephant3_2,104,9,NA,NA,NA,NA,NA,NA,NA,NA,1,NA,NA,NA,NA,NA,NA,NA,NA,Wonga Wongue,Elephant3,5/12/2017,0,Male,Dry,3,0.443531212,7,25.91,0.69
Elephant3_2,2162,9,NA,NA,NA,NA,NA,NA,NA,NA,1,NA,NA,NA,NA,NA,NA,NA,NA,Wonga Wongue,Elephant3,5/12/2017,0,Male,Dry,3,0.443531212,7,25.91,0.69
Elephant3_3,742,5,1,NA,NA,NA,NA,NA,NA,NA,NA,NA,NA,NA,NA,NA,NA,NA,NA,Wonga Wongue,Elephant3,8/3/2017,0.4,Male,Dry,0,0.422813598,7,14.78,2.88
Elephant3_3,2044,5,1,NA,NA,1,NA,NA,NA,NA,NA,NA,NA,NA,NA,NA,NA,NA,NA,Wonga Wongue,Elephant3,8/3/2017,0.4,Male,Dry,0,0.422813598,7,14.78,2.88
Elephant3_5,2044,4,1,NA,1,1,NA,NA,NA,NA,NA,NA,NA,NA,NA,NA,NA,NA,NA,Wonga Wongue,Elephant3,9/22/2017,0.064,Male,Dry,0,0.365518456,7,25.69,2.05
Elephant3_7,2044,10,NA,NA,NA,1,NA,NA,NA,NA,NA,NA,NA,NA,NA,NA,NA,NA,NA,Wonga Wongue,Elephant3,11/21/2017,0,Male,Rainy,5,0.39590165,7,26.82,0
Elephant3_7,295,10,NA,NA,NA,NA,NA,NA,NA,1,NA,NA,NA,NA,NA,NA,NA,NA,NA,Wonga Wongue,Elephant3,11/21/2017,0,Male,Rainy,5,0.39590165,7,26.82,0
Elephant4_2,92,2,NA,1,NA,NA,NA,NA,NA,NA,NA,NA,NA,NA,NA,NA,NA,NA,NA,Ivindo,Elephant4,7/7/2017,0,Female,Dry,1,0.24525,3,19.61,0.89
Elephant4_2,Elephant4,2,NA,1,NA,NA,NA,NA,NA,NA,NA,NA,NA,NA,NA,NA,NA,NA,NA,Ivindo,Elephant4,7/7/2017,0,Female,Dry,1,0.24525,3,19.61,0.89
Elephant4_3,Elephant4,5,NA,NA,1,NA,NA,NA,NA,NA,NA,NA,NA,NA,NA,NA,NA,NA,NA,Ivindo,Elephant4,9/8/2017,0.024,Female,Dry,0,0.123824675,3,19.5,1.56
Elephant4_5,317,5,NA,NA,NA,NA,1,NA,NA,NA,NA,NA,NA,NA,NA,NA,NA,NA,NA,Ivindo,Elephant4,10/21/2017,0.035,Female,Rainy,4,0.367116197,3,21.53,1.16
Elephant4_6,Elephant4,8,1,NA,1,NA,1,1,NA,NA,NA,NA,NA,NA,NA,NA,NA,NA,NA,Ivindo,Elephant4,12/13/2017,0.026666667,Female,Dry,6,0.345210433,3,20.75,0.96
Elephant4_7,Elephant4,10,NA,NA,1,NA,NA,1,NA,NA,NA,NA,NA,NA,NA,NA,NA,NA,NA,Ivindo,Elephant4,1/8/2018,0.066666667,Female,Dry,4,0.343287724,3,20.48,1.42
Elephant4_8,2123,10,1,NA,NA,NA,NA,NA,NA,1,NA,NA,NA,NA,NA,NA,NA,NA,NA,Ivindo,Elephant4,2/13/2018,0.01,Female,Dry,3,0.383342515,3,20.71,1.79
Elephant4_8,698,10,1,NA,NA,NA,NA,NA,NA,NA,NA,NA,NA,NA,NA,NA,NA,NA,NA,Ivindo,Elephant4,2/13/2018,0.01,Female,Dry,3,0.383342515,3,20.71,1.79
Elephant4_8,Elephant4,10,1,NA,NA,NA,NA,NA,1,NA,NA,NA,NA,NA,NA,NA,NA,NA,NA,Ivindo,Elephant4,2/13/2018,0.01,Female,Dry,3,0.383342515,3,20.71,1.79
Elephant4_8,701,10,1,NA,NA,NA,NA,NA,NA,NA,NA,NA,NA,NA,NA,NA,NA,NA,NA,Ivindo,Elephant4,2/13/2018,0.01,Female,Dry,3,0.383342515,3,20.71,1.79
Elephant4_8,2124,10,NA,NA,NA,NA,NA,NA,1,1,NA,NA,NA,NA,NA,NA,NA,NA,NA,Ivindo,Elephant4,2/13/2018,0.01,Female,Dry,3,0.383342515,3,20.71,1.79
Elephant4_8,705,10,NA,NA,NA,NA,NA,NA,1,NA,NA,NA,NA,NA,NA,NA,NA,NA,NA,Ivindo,Elephant4,2/13/2018,0.01,Female,Dry,3,0.383342515,3,20.71,1.79
Elephant5_1,Elephant5,8,1,NA,NA,NA,1,NA,1,NA,NA,NA,NA,NA,NA,NA,NA,NA,NA,Wonga Wongue,Elephant5,6/25/2017,0.063333333,Male,Dry,0,0.408829472,7,24.94,0.64
Elephant5_1,529,8,NA,NA,NA,1,NA,NA,NA,NA,NA,NA,NA,NA,NA,NA,NA,NA,NA,Wonga Wongue,Elephant5,6/25/2017,0.063333333,Male,Dry,0,0.408829472,7,24.94,0.64
Elephant6_1,Elephant6,9,NA,NA,NA,1,1,NA,NA,NA,NA,NA,NA,NA,NA,NA,NA,NA,NA,Wonga Wongue,Elephant6,2/25/2017,0.02,Male,Rainy,9,0.265006928,7,24.75,2.28
Elephant6_3,2057,12,1,NA,NA,NA,NA,NA,NA,NA,NA,NA,NA,NA,NA,NA,NA,NA,NA,Wonga Wongue,Elephant6,5/11/2017,0,Male,Dry,4,0.384086721,7,23.84,0.54
Elephant6_3,Elephant6,12,1,NA,1,NA,NA,NA,NA,NA,NA,1,NA,NA,NA,NA,NA,NA,NA,Wonga Wongue,Elephant6,5/11/2017,0,Male,Dry,4,0.384086721,7,23.84,0.54
Elephant6_3,220,12,NA,NA,NA,NA,NA,NA,NA,NA,NA,1,NA,NA,NA,NA,NA,NA,NA,Wonga Wongue,Elephant6,5/11/2017,0,Male,Dry,4,0.384086721,7,23.84,0.54
Elephant6_3,222,12,NA,NA,NA,NA,NA,NA,NA,NA,NA,NA,NA,1,NA,NA,NA,NA,NA,Wonga Wongue,Elephant6,5/11/2017,0,Male,Dry,4,0.384086721,7,23.84,0.54
Elephant6_3,223,12,NA,NA,NA,NA,NA,NA,NA,NA,NA,NA,NA,1,NA,NA,NA,NA,NA,Wonga Wongue,Elephant6,5/11/2017,0,Male,Dry,4,0.384086721,7,23.84,0.54
Elephant6_3,224,12,NA,NA,NA,NA,NA,NA,NA,NA,NA,NA,NA,1,NA,NA,NA,NA,NA,Wonga Wongue,Elephant6,5/11/2017,0,Male,Dry,4,0.384086721,7,23.84,0.54
Elephant6_4,243,16,NA,1,NA,NA,NA,NA,NA,NA,NA,NA,NA,NA,NA,NA,NA,NA,NA,Wonga Wongue,Elephant6,7/4/2017,0.29,Male,Dry,0,0.336889308,7,20.7,2.84
Elephant6_4,17,16,NA,NA,1,NA,NA,NA,NA,NA,NA,NA,NA,NA,NA,NA,NA,NA,NA,Wonga Wongue,Elephant6,7/4/2017,0.29,Male,Dry,0,0.336889308,7,20.7,2.84
Elephant6_6,95,13,1,NA,NA,NA,NA,NA,NA,NA,NA,NA,NA,NA,NA,NA,NA,NA,NA,Wonga Wongue,Elephant6,9/2/2017,0.904,Male,Dry,0,0.126185223,7,26.08,0.41
Elephant6_6,60,13,1,NA,NA,NA,NA,NA,NA,NA,NA,NA,NA,NA,NA,NA,NA,NA,NA,Wonga Wongue,Elephant6,9/2/2017,0.904,Male,Dry,0,0.126185223,7,26.08,0.41
Elephant6_6,Elephant6,13,NA,NA,NA,NA,NA,NA,NA,1,1,NA,NA,NA,NA,NA,NA,NA,NA,Wonga Wongue,Elephant6,9/2/2017,0.904,Male,Dry,0,0.126185223,7,26.08,0.41
Elephant6_7,Elephant6,7,1,NA,NA,1,1,NA,NA,NA,NA,NA,NA,NA,NA,NA,NA,NA,NA,Wonga Wongue,Elephant6,11/25/2017,0.008,Male,Rainy,15,0.250737135,7,23.09,0.64
Elephant6_7,297,7,NA,1,NA,NA,NA,NA,NA,NA,NA,NA,NA,NA,NA,NA,NA,NA,NA,Wonga Wongue,Elephant6,11/25/2017,0.008,Male,Rainy,15,0.250737135,7,23.09,0.64
Elephant6_8,2085,8,1,NA,NA,NA,NA,NA,NA,NA,NA,NA,NA,NA,NA,NA,NA,NA,NA,Wonga Wongue,Elephant6,1/22/2018,0.02,Male,Rainy,11,0.396827009,7,27.28,2.33
Elephant6_8,2086,8,NA,1,NA,NA,1,NA,NA,NA,NA,NA,NA,NA,NA,NA,NA,NA,NA,Wonga Wongue,Elephant6,1/22/2018,0.02,Male,Rainy,11,0.396827009,7,27.28,2.33
Elephant6_8,436,8,NA,1,NA,NA,NA,NA,NA,NA,NA,NA,NA,NA,NA,NA,NA,NA,NA,Wonga Wongue,Elephant6,1/22/2018,0.02,Male,Rainy,11,0.396827009,7,27.28,2.33
Elephant6_8,Elephant6,8,NA,NA,NA,1,NA,NA,NA,1,NA,NA,NA,NA,NA,NA,NA,NA,NA,Wonga Wongue,Elephant6,1/22/2018,0.02,Male,Rainy,11,0.396827009,7,27.28,2.33
Elephant6_8,438,8,NA,NA,NA,NA,1,NA,NA,NA,NA,NA,NA,NA,NA,NA,NA,NA,NA,Wonga Wongue,Elephant6,1/22/2018,0.02,Male,Rainy,11,0.396827009,7,27.28,2.33
Elephant7_1,Elephant7,3,1,NA,NA,NA,NA,NA,NA,NA,NA,NA,NA,NA,NA,NA,NA,NA,NA,Ivindo,Elephant7,5/24/2017,0.01,Male,Dry,10,0.444241224,3,29.08,3.04
Elephant7_1,595,3,1,NA,NA,NA,NA,NA,NA,NA,NA,NA,NA,NA,NA,NA,NA,NA,NA,Ivindo,Elephant7,5/24/2017,0.01,Male,Dry,10,0.444241224,3,29.08,3.04
Elephant8_2,2105,2,1,NA,NA,NA,NA,NA,NA,NA,NA,NA,NA,NA,NA,NA,NA,NA,NA,Wonga Wongue,Elephant8,10/7/2017,0.255,Female,Rainy,17,0.594123539,7,17.47,3.16
Elephant8_2,2106,2,1,NA,NA,NA,NA,NA,NA,NA,NA,NA,NA,NA,NA,NA,NA,NA,NA,Wonga Wongue,Elephant8,10/7/2017,0.255,Female,Rainy,17,0.594123539,7,17.47,3.16
Elephant8_2,2110,2,1,1,NA,NA,NA,NA,NA,NA,NA,NA,NA,NA,NA,NA,NA,NA,NA,Wonga Wongue,Elephant8,10/7/2017,0.255,Female,Rainy,17,0.594123539,7,17.47,3.16
Elephant9_1,2049,8,NA,1,NA,NA,NA,NA,NA,NA,NA,NA,NA,NA,NA,NA,NA,NA,NA,Wonga Wongue,Elephant9,5/3/2017,0.054607509,Female,Dry,0,0.395101936,7,27.17,0.48
Elephant9_1,Elephant9,8,NA,1,NA,NA,NA,NA,NA,1,NA,NA,NA,NA,NA,NA,NA,NA,NA,Wonga Wongue,Elephant9,5/3/2017,0.054607509,Female,Dry,0,0.395101936,7,27.17,0.48
Elephant9_1,209,8,NA,NA,NA,NA,NA,NA,1,NA,NA,NA,NA,NA,NA,NA,NA,NA,NA,Wonga Wongue,Elephant9,5/3/2017,0.054607509,Female,Dry,0,0.395101936,7,27.17,0.48
Elephant9_1,210,8,NA,NA,NA,NA,NA,NA,1,NA,NA,NA,NA,NA,NA,NA,NA,NA,NA,Wonga Wongue,Elephant9,5/3/2017,0.054607509,Female,Dry,0,0.395101936,7,27.17,0.48
Elephant9_1,211,8,NA,NA,NA,NA,NA,NA,1,NA,NA,NA,NA,NA,NA,NA,NA,NA,NA,Wonga Wongue,Elephant9,5/3/2017,0.054607509,Female,Dry,0,0.395101936,7,27.17,0.48
Elephant9_2,Elephant9,8,NA,NA,NA,NA,NA,1,NA,NA,NA,NA,NA,NA,NA,NA,NA,NA,NA,Wonga Wongue,Elephant9,7/13/2017,0.61,Female,Dry,0,0.368875484,7,18.91,1.38
Elephant9_2,254,8,NA,NA,NA,NA,NA,NA,1,NA,NA,NA,NA,NA,NA,NA,NA,NA,NA,Wonga Wongue,Elephant9,7/13/2017,0.61,Female,Dry,0,0.368875484,7,18.91,1.38
Elephant9_2,255,8,NA,NA,NA,NA,NA,NA,NA,1,NA,NA,NA,NA,NA,NA,NA,NA,NA,Wonga Wongue,Elephant9,7/13/2017,0.61,Female,Dry,0,0.368875484,7,18.91,1.38
Elephant9_3,57,4,1,NA,NA,NA,NA,NA,NA,NA,NA,NA,NA,NA,NA,NA,NA,NA,NA,Wonga Wongue,Elephant9,9/12/2017,0.03,Female,Dry,0,0.347078375,15,24.5,1.09
Elephant9_3,58,4,1,NA,NA,NA,NA,NA,NA,NA,NA,NA,NA,NA,NA,NA,NA,NA,NA,Wonga Wongue,Elephant9,9/12/2017,0.03,Female,Dry,0,0.347078375,15,24.5,1.09
Elephant9_3,59,4,1,NA,NA,NA,NA,NA,NA,NA,NA,NA,NA,NA,NA,NA,NA,NA,NA,Wonga Wongue,Elephant9,9/12/2017,0.03,Female,Dry,0,0.347078375,15,24.5,1.09
Elephant9_3,2068,4,1,NA,NA,NA,NA,NA,NA,NA,NA,NA,NA,NA,NA,NA,NA,NA,NA,Wonga Wongue,Elephant9,9/12/2017,0.03,Female,Dry,0,0.347078375,15,24.5,1.09
Elephant9_3,61,4,NA,1,NA,NA,NA,NA,NA,NA,NA,NA,NA,NA,NA,NA,NA,NA,NA,Wonga Wongue,Elephant9,9/12/2017,0.03,Female,Dry,0,0.347078375,15,24.5,1.09
Elephant9_4,283,9,NA,1,NA,NA,NA,NA,NA,NA,NA,NA,NA,NA,NA,NA,NA,NA,NA,Wonga Wongue,Elephant9,11/15/2017,0.012,Female,Rainy,18,0.481914702,15,24.32,0
Elephant9_4,284,9,NA,1,NA,NA,NA,NA,NA,NA,NA,NA,NA,NA,NA,NA,NA,NA,NA,Wonga Wongue,Elephant9,11/15/2017,0.012,Female,Rainy,18,0.481914702,15,24.32,0
Elephant9_4,2068,9,NA,NA,1,NA,NA,NA,1,NA,NA,NA,NA,NA,NA,NA,NA,NA,NA,Wonga Wongue,Elephant9,11/15/2017,0.012,Female,Rainy,18,0.481914702,15,24.32,0
Elephant9_4,286,9,NA,NA,NA,1,NA,NA,NA,NA,NA,NA,NA,NA,NA,NA,NA,NA,NA,Wonga Wongue,Elephant9,11/15/2017,0.012,Female,Rainy,18,0.481914702,15,24.32,0
Elephant9_4,287,9,NA,NA,NA,NA,1,NA,NA,NA,NA,NA,NA,NA,NA,NA,NA,NA,NA,Wonga Wongue,Elephant9,11/15/2017,0.012,Female,Rainy,18,0.481914702,15,24.32,0
Elephant9_4,Elephant9,9,NA,NA,NA,NA,NA,NA,NA,1,NA,NA,NA,NA,NA,NA,NA,NA,NA,Wonga Wongue,Elephant9,11/15/2017,0.012,Female,Rainy,18,0.481914702,15,24.32,0
Elephant9_5,2049,8,1,NA,NA,NA,NA,NA,NA,NA,NA,NA,NA,NA,NA,NA,NA,NA,NA,Wonga Wongue,Elephant9,12/16/2017,0.01,Female,Rainy,2,0.291006873,7,25.64,1.26
Elephant9_5,Elephant9,8,1,NA,1,1,NA,1,1,NA,NA,NA,NA,NA,NA,NA,NA,NA,NA,Wonga Wongue,Elephant9,12/16/2017,0.01,Female,Rainy,2,0.291006873,7,25.64,1.26
Elephant9_5,2068,8,NA,1,NA,NA,NA,NA,NA,NA,NA,NA,NA,NA,NA,NA,NA,NA,NA,Wonga Wongue,Elephant9,12/16/2017,0.01,Female,Rainy,2,0.291006873,7,25.64,1.26
Elephant9_6,2049,11,1,NA,NA,NA,NA,NA,NA,NA,NA,NA,NA,NA,NA,NA,NA,NA,NA,Wonga Wongue,Elephant9,1/24/2018,0.066666667,Female,Rainy,11,0.251954702,15,21.44,1.66
Elephant9_6,442,11,NA,1,NA,NA,NA,NA,NA,NA,NA,NA,NA,NA,NA,NA,NA,NA,NA,Wonga Wongue,Elephant9,1/24/2018,0.066666667,Female,Rainy,11,0.251954702,15,21.44,1.66
Elephant9_6,443,11,NA,1,NA,NA,NA,NA,NA,NA,NA,NA,NA,NA,NA,NA,NA,NA,NA,Wonga Wongue,Elephant9,1/24/2018,0.066666667,Female,Rainy,11,0.251954702,15,21.44,1.66
Elephant9_6,2085,11,NA,NA,NA,NA,NA,NA,1,NA,NA,NA,NA,NA,NA,NA,NA,NA,NA,Wonga Wongue,Elephant9,1/24/2018,0.066666667,Female,Rainy,11,0.251954702,15,21.44,1.66
Elephant9_6,445,11,NA,NA,NA,NA,NA,NA,NA,1,NA,NA,NA,NA,NA,NA,NA,NA,NA,Wonga Wongue,Elephant9,1/24/2018,0.066666667,Female,Rainy,11,0.251954702,15,21.44,1.66
Elephant9_6,446,11,NA,NA,NA,NA,NA,NA,NA,NA,NA,1,NA,NA,NA,NA,NA,NA,NA,Wonga Wongue,Elephant9,1/24/2018,0.066666667,Female,Rainy,11,0.251954702,15,21.44,1.66
Elephant10_1,Elephant10,2,1,NA,NA,NA,NA,NA,NA,NA,NA,NA,NA,NA,NA,NA,NA,NA,NA,Ivindo,Elephant10,3/18/2017,0.311428571,Female,Rainy,7,0.61724226,7,4.17,1.95
Elephant10_1,2041,2,1,NA,NA,NA,NA,NA,NA,NA,NA,NA,NA,NA,NA,NA,NA,NA,NA,Ivindo,Elephant10,3/18/2017,0.311428571,Female,Rainy,7,0.61724226,7,4.17,1.95
Elephant10_1,171,2,1,NA,NA,NA,NA,NA,NA,NA,NA,NA,NA,NA,NA,NA,NA,NA,NA,Ivindo,Elephant10,3/18/2017,0.311428571,Female,Rainy,7,0.61724226,7,4.17,1.95
Elephant10_2,226,2,1,NA,NA,NA,NA,NA,NA,NA,NA,NA,NA,NA,NA,NA,NA,NA,NA,Ivindo,Elephant10,5/18/2017,0.06,Female,Rainy,4,0.173315033,7,4.68,1.87
Elephant10_2,Elephant10,2,1,1,NA,NA,NA,NA,NA,NA,NA,NA,NA,NA,NA,NA,NA,NA,NA,Ivindo,Elephant10,5/18/2017,0.06,Female,Rainy,4,0.173315033,7,4.68,1.87
Elephant10_2,231,2,NA,1,NA,NA,NA,NA,NA,NA,NA,NA,NA,NA,NA,NA,NA,NA,NA,Ivindo,Elephant10,5/18/2017,0.06,Female,Rainy,4,0.173315033,7,4.68,1.87
Elephant10_2,232,2,NA,1,NA,NA,NA,NA,NA,NA,NA,NA,NA,NA,NA,NA,NA,NA,NA,Ivindo,Elephant10,5/18/2017,0.06,Female,Rainy,4,0.173315033,7,4.68,1.87
Elephant10_2,233,2,NA,1,NA,NA,NA,NA,NA,NA,NA,NA,NA,NA,NA,NA,NA,NA,NA,Ivindo,Elephant10,5/18/2017,0.06,Female,Rainy,4,0.173315033,7,4.68,1.87
Elephant10_2,235,2,NA,1,NA,NA,NA,NA,NA,NA,NA,NA,NA,NA,NA,NA,NA,NA,NA,Ivindo,Elephant10,5/18/2017,0.06,Female,Rainy,4,0.173315033,7,4.68,1.87
Elephant10_2,2041,2,NA,1,NA,NA,NA,NA,NA,NA,NA,NA,NA,NA,NA,NA,NA,NA,NA,Ivindo,Elephant10,5/18/2017,0.06,Female,Rainy,4,0.173315033,7,4.68,1.87
Elephant10_2,239,2,NA,1,NA,NA,NA,NA,NA,NA,NA,NA,NA,NA,NA,NA,NA,NA,NA,Ivindo,Elephant10,5/18/2017,0.06,Female,Rainy,4,0.173315033,7,4.68,1.87
Elephant10_3,2041,4,NA,NA,1,NA,NA,NA,NA,NA,NA,NA,NA,NA,NA,NA,NA,NA,NA,Ivindo,Elephant10,9/14/2017,0.128,Female,Dry,4,0.209512661,3,20.05,1.44
Elephant10_3,Elephant10,4,NA,NA,NA,1,NA,NA,NA,NA,NA,NA,NA,NA,NA,NA,NA,NA,NA,Ivindo,Elephant10,9/14/2017,0.128,Female,Dry,4,0.209512661,3,20.05,1.44
Elephant10_4,Elephant10,4,1,1,1,1,NA,NA,NA,NA,NA,NA,NA,NA,NA,NA,NA,NA,NA,Ivindo,Elephant10,12/2/2017,0.01,Female,Dry,3,0.161743425,3,20.39,2.47
Elephant10_4,2041,4,NA,NA,1,NA,NA,NA,NA,NA,NA,NA,NA,NA,NA,NA,NA,NA,NA,Ivindo,Elephant10,12/2/2017,0.01,Female,Dry,3,0.161743425,3,20.39,2.47
Elephant10_5,Elephant10,6,1,1,NA,1,NA,NA,NA,NA,NA,NA,NA,NA,NA,NA,NA,NA,NA,Ivindo,Elephant10,1/5/2018,0.1225,Female,Dry,7,0.343714123,3,20.28,2.48
Elephant10_5,2041,6,NA,1,NA,NA,NA,NA,NA,NA,NA,NA,NA,NA,NA,NA,NA,NA,NA,Ivindo,Elephant10,1/5/2018,0.1225,Female,Dry,7,0.343714123,3,20.28,2.48
Elephant10_6,Elephant10,4,1,1,NA,1,NA,NA,NA,NA,NA,NA,NA,NA,NA,NA,NA,NA,NA,Ivindo,Elephant10,2/5/2018,0.086666667,Female,Dry,0,0.291649494,7,2.49,1.99
Elephant10_6,2041,4,NA,1,NA,NA,NA,NA,NA,NA,NA,NA,NA,NA,NA,NA,NA,NA,NA,Ivindo,Elephant10,2/5/2018,0.086666667,Female,Dry,0,0.291649494,7,2.49,1.99
Elephant10_6,686,4,NA,1,NA,NA,NA,NA,NA,NA,NA,NA,NA,NA,NA,NA,NA,NA,NA,Ivindo,Elephant10,2/5/2018,0.086666667,Female,Dry,0,0.291649494,7,2.49,1.99
Elephant10_6,689,4,NA,NA,NA,1,NA,NA,NA,NA,NA,NA,NA,NA,NA,NA,NA,NA,NA,Ivindo,Elephant10,2/5/2018,0.086666667,Female,Dry,0,0.291649494,7,2.49,1.99
Elephant11_1,556,5,1,NA,NA,NA,NA,NA,NA,NA,NA,NA,NA,NA,NA,NA,NA,NA,NA,Wonga Wongue,Elephant11,4/11/2017,0.300813008,Female,Rainy,5,0.504133989,7,22.2,0
Elephant11_1,557,5,1,NA,NA,NA,NA,NA,NA,NA,NA,NA,NA,NA,NA,NA,NA,NA,NA,Wonga Wongue,Elephant11,4/11/2017,0.300813008,Female,Rainy,5,0.504133989,7,22.2,0
Elephant11_1,2094,5,NA,1,NA,NA,1,NA,NA,NA,NA,NA,NA,NA,NA,NA,NA,NA,NA,Wonga Wongue,Elephant11,4/11/2017,0.300813008,Female,Rainy,5,0.504133989,7,22.2,0
Elephant11_1,2095,5,NA,NA,NA,NA,1,NA,NA,NA,NA,NA,NA,NA,NA,NA,NA,NA,NA,Wonga Wongue,Elephant11,4/11/2017,0.300813008,Female,Rainy,5,0.504133989,7,22.2,0
Elephant11_1,2096,5,NA,NA,NA,NA,1,NA,NA,NA,NA,NA,NA,NA,NA,NA,NA,NA,NA,Wonga Wongue,Elephant11,4/11/2017,0.300813008,Female,Rainy,5,0.504133989,7,22.2,0
Elephant11_1,468,5,NA,NA,NA,NA,1,NA,NA,NA,NA,NA,NA,NA,NA,NA,NA,NA,NA,Wonga Wongue,Elephant11,4/11/2017,0.300813008,Female,Rainy,5,0.504133989,7,22.2,0
Elephant11_2,545,5,NA,1,NA,NA,NA,NA,NA,NA,NA,NA,NA,NA,NA,NA,NA,NA,NA,Wonga Wongue,Elephant11,10/2/2017,0.113333333,Female,Rainy,24,0.208957948,7,23.16,0.95
Elephant11_2,2096,5,NA,NA,1,NA,NA,NA,NA,NA,NA,NA,NA,NA,NA,NA,NA,NA,NA,Wonga Wongue,Elephant11,10/2/2017,0.113333333,Female,Rainy,24,0.208957948,7,23.16,0.95
Elephant11_2,Elephant11,5,NA,NA,NA,1,NA,NA,NA,NA,NA,NA,NA,NA,NA,NA,NA,NA,NA,Wonga Wongue,Elephant11,10/2/2017,0.113333333,Female,Rainy,24,0.208957948,7,23.16,0.95
Elephant12_1,T32a,6,1,NA,NA,NA,NA,NA,NA,NA,NA,NA,NA,NA,NA,NA,NA,NA,NA,Wonga Wongue,Elephant12,6/21/2017,0.136666667,Female,Dry,0,0.353884,7,23.39,2.51
Elephant12_1,T21b,6,NA,NA,1,NA,NA,NA,NA,NA,NA,NA,NA,NA,NA,NA,NA,NA,NA,Wonga Wongue,Elephant12,6/21/2017,0.136666667,Female,Dry,0,0.353884,7,23.39,2.51
Elephant12_1,584,6,NA,NA,1,NA,NA,NA,NA,NA,NA,NA,NA,NA,NA,NA,NA,NA,NA,Wonga Wongue,Elephant12,6/21/2017,0.136666667,Female,Dry,0,0.353884,7,23.39,2.51
Elephant12_1,585,6,NA,NA,1,NA,NA,NA,NA,NA,NA,NA,NA,NA,NA,NA,NA,NA,NA,Wonga Wongue,Elephant12,6/21/2017,0.136666667,Female,Dry,0,0.353884,7,23.39,2.51
Elephant12_1,2116,6,NA,NA,NA,1,1,NA,NA,NA,NA,NA,NA,NA,NA,NA,NA,NA,NA,Wonga Wongue,Elephant12,6/21/2017,0.136666667,Female,Dry,0,0.353884,7,23.39,2.51
Elephant12_1,T11a,6,NA,NA,NA,NA,1,NA,NA,NA,NA,NA,NA,NA,NA,NA,NA,NA,NA,Wonga Wongue,Elephant12,6/21/2017,0.136666667,Female,Dry,0,0.353884,7,23.39,2.51
Elephant13_1,2046,9,NA,NA,NA,NA,NA,NA,NA,1,NA,NA,NA,NA,NA,NA,NA,NA,NA,Wonga Wongue,Elephant13,4/24/2017,0.02688172,Female,Rainy,18,0.390208517,15,26.14,0.1
Elephant13_1,2047,9,NA,NA,NA,NA,NA,NA,NA,1,1,NA,NA,NA,NA,NA,NA,NA,NA,Wonga Wongue,Elephant13,4/24/2017,0.02688172,Female,Rainy,18,0.390208517,15,26.14,0.1
Elephant13_2,2046,9,1,NA,NA,NA,NA,NA,NA,NA,NA,NA,NA,NA,NA,NA,NA,NA,NA,Wonga Wongue,Elephant13,7/18/2017,0.605,Female,Dry,0,0.371741308,7,17.49,1.79
Elephant13_2,258,9,NA,NA,1,NA,NA,NA,NA,NA,NA,NA,NA,NA,NA,NA,NA,NA,NA,Wonga Wongue,Elephant13,7/18/2017,0.605,Female,Dry,0,0.371741308,7,17.49,1.79
Elephant13_2,2047,9,NA,NA,NA,NA,NA,NA,NA,NA,1,NA,NA,NA,NA,NA,NA,NA,NA,Wonga Wongue,Elephant13,7/18/2017,0.605,Female,Dry,0,0.371741308,7,17.49,1.79
Elephant13_2,260,9,NA,NA,NA,NA,NA,NA,NA,NA,1,NA,NA,NA,NA,NA,NA,NA,NA,Wonga Wongue,Elephant13,7/18/2017,0.605,Female,Dry,0,0.371741308,7,17.49,1.79
Elephant13_2,263,9,NA,NA,NA,NA,NA,NA,NA,NA,1,NA,NA,NA,NA,NA,NA,NA,NA,Wonga Wongue,Elephant13,7/18/2017,0.605,Female,Dry,0,0.371741308,7,17.49,1.79
Elephant13_3,766,5,NA,1,NA,NA,NA,NA,NA,NA,NA,NA,NA,NA,NA,NA,NA,NA,NA,Wonga Wongue,Elephant13,9/17/2017,0.086666667,Female,Dry,0,0.170967388,15,24.91,0
Elephant13_5,2046,10,NA,NA,1,1,NA,NA,NA,NA,1,1,NA,NA,NA,NA,NA,NA,NA,Wonga Wongue,Elephant13,12/1/2017,0.004,Female,Rainy,14,0.237153373,15,26.24,2.14
Elephant13_5,2047,10,NA,NA,NA,NA,1,NA,NA,NA,NA,NA,NA,NA,NA,NA,NA,NA,NA,Wonga Wongue,Elephant13,12/1/2017,0.004,Female,Rainy,14,0.237153373,15,26.24,2.14
Elephant14_1,203,2,NA,1,NA,NA,NA,NA,NA,NA,NA,NA,NA,NA,NA,NA,NA,NA,NA,Ivindo,Elephant14,4/30/2017,0.04,Male,Rainy,11,0.535817484,15,1.58,1.65
Elephant14_4,149,4,1,NA,NA,NA,NA,NA,NA,NA,NA,NA,NA,NA,NA,NA,NA,NA,NA,Ivindo,Elephant14,8/22/2017,0.004,Male,Dry,1,0.162179612,15,5.15,5.06
Elephant14_4,150,4,1,NA,NA,NA,NA,NA,NA,NA,NA,NA,NA,NA,NA,NA,NA,NA,NA,Ivindo,Elephant14,8/22/2017,0.004,Male,Dry,1,0.162179612,15,5.15,5.06
Elephant14_4,151,4,NA,1,NA,NA,NA,NA,NA,NA,NA,NA,NA,NA,NA,NA,NA,NA,NA,Ivindo,Elephant14,8/22/2017,0.004,Male,Dry,1,0.162179612,15,5.15,5.06
Elephant14_4,152,4,NA,NA,1,NA,NA,NA,NA,NA,NA,NA,NA,NA,NA,NA,NA,NA,NA,Ivindo,Elephant14,8/22/2017,0.004,Male,Dry,1,0.162179612,15,5.15,5.06
Elephant14_5,313,3,1,NA,NA,NA,NA,NA,NA,NA,NA,NA,NA,NA,NA,NA,NA,NA,NA,Ivindo,Elephant14,10/9/2017,0.51,Male,Rainy,4,0.534859127,26,0.16,0.48
Elephant14_6,327,4,1,NA,NA,NA,NA,NA,NA,NA,NA,NA,NA,NA,NA,NA,NA,NA,NA,Ivindo,Elephant14,11/13/2017,0.005,Male,Rainy,4,0.273678639,9,5.2,1.4
Elephant14_6,330,4,NA,NA,1,NA,NA,NA,NA,NA,NA,NA,NA,NA,NA,NA,NA,NA,NA,Ivindo,Elephant14,11/13/2017,0.005,Male,Rainy,4,0.273678639,9,5.2,1.4
Elephant15_1,2103,7,1,NA,NA,1,NA,NA,NA,NA,NA,NA,NA,NA,NA,NA,NA,NA,NA,Wonga Wongue,Elephant15,6/30/2017,0.05,Male,Dry,0,0.430492635,21,1.99,0.57
Elephant15_1,501,7,NA,1,NA,NA,NA,NA,NA,NA,NA,NA,NA,NA,NA,NA,NA,NA,NA,Wonga Wongue,Elephant15,6/30/2017,0.05,Male,Dry,0,0.430492635,21,1.99,0.57
Elephant15_1,502,7,NA,1,NA,NA,NA,NA,NA,NA,NA,NA,NA,NA,NA,NA,NA,NA,NA,Wonga Wongue,Elephant15,6/30/2017,0.05,Male,Dry,0,0.430492635,21,1.99,0.57
Elephant15_2,507,12,NA,NA,NA,NA,1,NA,NA,NA,NA,NA,NA,NA,NA,NA,NA,NA,NA,Wonga Wongue,Elephant15,10/12/2017,0,Male,Rainy,22,0.158556586,15,25.52,1.37
Elephant15_2,509,12,NA,NA,NA,NA,NA,1,NA,NA,NA,NA,NA,NA,NA,NA,NA,NA,NA,Wonga Wongue,Elephant15,10/12/2017,0,Male,Rainy,22,0.158556586,15,25.52,1.37
Elephant15_2,2103,12,NA,NA,NA,NA,NA,1,1,NA,1,NA,NA,NA,NA,NA,NA,NA,NA,Wonga Wongue,Elephant15,10/12/2017,0,Male,Rainy,22,0.158556586,15,25.52,1.37
Elephant16_1,25,3,1,NA,NA,NA,NA,NA,NA,NA,NA,NA,NA,NA,NA,NA,NA,NA,NA,Wonga Wongue,Elephant16,2/23/2017,0.05,Female,Rainy,5,0.373633581,15,25.91,2.89
Elephant16_1,26,3,NA,NA,1,NA,NA,NA,NA,NA,NA,NA,NA,NA,NA,NA,NA,NA,NA,Wonga Wongue,Elephant16,2/23/2017,0.05,Female,Rainy,5,0.373633581,15,25.91,2.89
Elephant16_1,27,3,NA,NA,1,NA,NA,NA,NA,NA,NA,NA,NA,NA,NA,NA,NA,NA,NA,Wonga Wongue,Elephant16,2/23/2017,0.05,Female,Rainy,5,0.373633581,15,25.91,2.89
Elephant16_1,Elephant16,3,NA,NA,1,NA,NA,NA,NA,NA,NA,NA,NA,NA,NA,NA,NA,NA,NA,Wonga Wongue,Elephant16,2/23/2017,0.05,Female,Rainy,5,0.373633581,15,25.91,2.89
Elephant16_1,29,3,NA,NA,1,NA,NA,NA,NA,NA,NA,NA,NA,NA,NA,NA,NA,NA,NA,Wonga Wongue,Elephant16,2/23/2017,0.05,Female,Rainy,5,0.373633581,15,25.91,2.89
Elephant16_2,Elephant16,10,1,NA,1,1,1,NA,NA,NA,1,1,NA,NA,NA,NA,NA,NA,NA,Wonga Wongue,Elephant16,5/5/2017,0.053719008,Female,Dry,10,0.407267612,7,19.79,0.19
Elephant16_2,2077,10,1,NA,NA,NA,NA,NA,NA,NA,NA,NA,NA,NA,NA,NA,NA,NA,NA,Wonga Wongue,Elephant16,5/5/2017,0.053719008,Female,Dry,10,0.407267612,7,19.79,0.19
Elephant16_4,750,7,1,NA,NA,NA,NA,NA,NA,NA,NA,NA,NA,NA,NA,NA,NA,NA,NA,Wonga Wongue,Elephant16,7/23/2017,0.406666667,Female,Dry,0,0.37590476,7,18.88,0
Elephant16_4,756,7,NA,NA,1,NA,NA,NA,NA,NA,NA,NA,NA,NA,NA,NA,NA,NA,NA,Wonga Wongue,Elephant16,7/23/2017,0.406666667,Female,Dry,0,0.37590476,7,18.88,0
Elephant16_5,2077,8,1,1,NA,NA,NA,NA,NA,NA,NA,NA,NA,NA,NA,NA,NA,NA,NA,Wonga Wongue,Elephant16,9/8/2017,0.506666667,Female,Dry,0,0.158482945,15,19.02,0
Elephant16_5,Elephant16,8,1,NA,NA,1,NA,NA,NA,NA,NA,NA,NA,NA,NA,NA,NA,NA,NA,Wonga Wongue,Elephant16,9/8/2017,0.506666667,Female,Dry,0,0.158482945,15,19.02,0
Elephant16_6,280,17,NA,NA,NA,NA,NA,NA,NA,1,NA,NA,NA,NA,NA,NA,NA,NA,NA,Wonga Wongue,Elephant16,11/11/2017,0,Female,Rainy,10,0.22529855,8.909090909,16.59,1.58
Elephant16_6,281,17,NA,NA,NA,NA,NA,NA,NA,1,NA,NA,NA,NA,NA,NA,NA,NA,NA,Wonga Wongue,Elephant16,11/11/2017,0,Female,Rainy,10,0.22529855,8.909090909,16.59,1.58
Elephant17_1,2083,7,1,NA,NA,NA,NA,NA,NA,NA,NA,NA,NA,NA,NA,NA,NA,NA,NA,Wonga Wongue,Elephant17,3/15/2017,0.005102041,Female,Rainy,8,0.295457726,28,5.58,0
Elephant17_1,576,7,1,NA,NA,NA,NA,NA,NA,NA,NA,NA,NA,NA,NA,NA,NA,NA,NA,Wonga Wongue,Elephant17,3/15/2017,0.005102041,Female,Rainy,8,0.295457726,28,5.58,0
Elephant17_1,377,7,NA,1,NA,NA,NA,NA,NA,NA,NA,NA,NA,NA,NA,NA,NA,NA,NA,Wonga Wongue,Elephant17,3/15/2017,0.005102041,Female,Rainy,8,0.295457726,28,5.58,0
Elephant17_1,376,7,NA,NA,1,NA,NA,NA,NA,NA,NA,NA,NA,NA,NA,NA,NA,NA,NA,Wonga Wongue,Elephant17,3/15/2017,0.005102041,Female,Rainy,8,0.295457726,28,5.58,0
Elephant18_1,188,3,NA,1,NA,NA,NA,NA,NA,NA,NA,NA,NA,NA,NA,NA,NA,NA,NA,Ivindo,Elephant18,4/1/2017,0.32,Male,Rainy,7,0.144840136,3,26.68,1.8
Elephant18_1,189,3,NA,NA,1,NA,NA,NA,NA,NA,NA,NA,NA,NA,NA,NA,NA,NA,NA,Ivindo,Elephant18,4/1/2017,0.32,Male,Rainy,7,0.144840136,3,26.68,1.8
Elephant18_2,Elephant18,3,1,NA,NA,NA,NA,NA,NA,NA,NA,NA,NA,NA,NA,NA,NA,NA,NA,Ivindo,Elephant18,7/12/2017,0.005,Male,Dry,0,0.311191519,3,29.42,0.05
Elephant18_4,Elephant18,3,1,NA,1,NA,NA,NA,NA,NA,NA,NA,NA,NA,NA,NA,NA,NA,NA,Ivindo,Elephant18,10/28/2017,0.953333333,Male,Rainy,8,0.463306667,3,27.99,0.66
Elephant18_5,Elephant18,5,1,NA,1,NA,1,NA,NA,NA,NA,NA,NA,NA,NA,NA,NA,NA,NA,Ivindo,Elephant18,12/6/2017,0.153333333,Male,Dry,3,0.537506636,3,27.87,1.14
Elephant18_5,352,5,NA,NA,NA,NA,1,NA,NA,NA,NA,NA,NA,NA,NA,NA,NA,NA,NA,Ivindo,Elephant18,12/6/2017,0.153333333,Male,Dry,3,0.537506636,3,27.87,1.14
Elephant18_6,Elephant18,12,NA,NA,NA,NA,NA,NA,NA,NA,NA,1,NA,1,NA,NA,NA,NA,NA,Ivindo,Elephant18,2/17/2018,0.023333333,Male,Rainy,5,0.331768289,3,28.9,0
Elephant19_1,Elephant19,9,NA,NA,NA,NA,1,NA,NA,NA,1,NA,NA,NA,NA,NA,NA,NA,NA,Wonga Wongue,Elephant19,3/22/2017,0.039812646,Male,Rainy,8,0.35320017,15,23.68,1.21
Elephant19_1,512,9,NA,NA,NA,NA,NA,NA,NA,NA,1,NA,NA,NA,NA,NA,NA,NA,NA,Wonga Wongue,Elephant19,3/22/2017,0.039812646,Male,Rainy,8,0.35320017,15,23.68,1.21
Elephant19_2,Elephant19,12,1,NA,NA,NA,NA,NA,NA,NA,1,NA,NA,NA,NA,NA,NA,NA,NA,Wonga Wongue,Elephant19,9/27/2017,0.073333333,Male,Rainy,0,0.145380787,15,18.79,1
Elephant20_1,Elephant20,5,1,1,NA,NA,NA,NA,NA,NA,NA,NA,NA,NA,NA,NA,NA,NA,NA,Wonga Wongue,Elephant20,5/17/2017,0,Male,Dry,0,0.549936716,15,20.59,0.88
Elephant20_1,2099,5,NA,1,1,NA,NA,NA,NA,NA,NA,NA,NA,NA,NA,NA,NA,NA,NA,Wonga Wongue,Elephant20,5/17/2017,0,Male,Dry,0,0.549936716,15,20.59,0.88
Elephant20_1,2100,5,NA,NA,1,1,NA,NA,NA,NA,NA,NA,NA,NA,NA,NA,NA,NA,NA,Wonga Wongue,Elephant20,5/17/2017,0,Male,Dry,0,0.549936716,15,20.59,0.88
Elephant20_1,476,5,NA,NA,NA,1,NA,NA,NA,NA,NA,NA,NA,NA,NA,NA,NA,NA,NA,Wonga Wongue,Elephant20,5/17/2017,0,Male,Dry,0,0.549936716,15,20.59,0.88
Elephant20_1,579,5,NA,NA,NA,NA,1,NA,NA,NA,NA,NA,NA,NA,NA,NA,NA,NA,NA,Wonga Wongue,Elephant20,5/17/2017,0,Male,Dry,0,0.549936716,15,20.59,0.88
Elephant20_1,580,5,NA,NA,NA,NA,1,NA,NA,NA,NA,NA,NA,NA,NA,NA,NA,NA,NA,Wonga Wongue,Elephant20,5/17/2017,0,Male,Dry,0,0.549936716,15,20.59,0.88
Elephant20_1,581,5,NA,NA,NA,NA,1,NA,NA,NA,NA,NA,NA,NA,NA,NA,NA,NA,NA,Wonga Wongue,Elephant20,5/17/2017,0,Male,Dry,0,0.549936716,15,20.59,0.88
Elephant20_1,14,5,NA,NA,NA,NA,1,NA,NA,NA,NA,NA,NA,NA,NA,NA,NA,NA,NA,Wonga Wongue,Elephant20,5/17/2017,0,Male,Dry,0,0.549936716,15,20.59,0.88
